Workbook

Sheet Raw Sales Data
A1: Date | B1: Drug Name | C1: Category | D1: Quantity | E1: Price per Unit (INR) | F1: Sales (INR) | G1: Brand Type
F2: =D2*E2 -> 0
A3: 46027 | B3: Paracetamol | C3: Analgesic | D3: 120 | E3: 0.5 | F3: =D3*E3 -> 60 | G3: Generic
A4: 46030 | B4: Amoxicillin | C4: Antibiotic | D4: 80 | E4: 1.2 | F4: =D4*E4 -> 96 | G4: Generic
A5: 46034 | B5: Ibuprofen | C5: Analgesic | D5: 75 | E5: 0.8 | F5: =D5*E5 -> 60 | G5: Generic
A6: 46040 | B6: Cetirizine | C6: Antihistamine | D6: 60 | E6: 0.6 | F6: =D6*E6 -> 36 | G6: Generic
A7: 46047 | B7: Azithromycin | C7: Antibiotic | D7: 45 | E7: 2.5 | F7: =D7*E7 -> 112.5 | G7: Branded
A8: 46057 | B8: Paracetamol | C8: Analgesic | D8: 135 | E8: 0.5 | F8: =D8*E8 -> 67.5 | G8: Generic
A9: 46062 | B9: Amoxicillin | C9: Antibiotic | D9: 90 | E9: 1.2 | F9: =D9*E9 -> 108 | G9: Generic
A10: 46067 | B10: Ibuprofen | C10: Analgesic | D10: 82 | E10: 0.8 | F10: =D10*E10 -> 65.6 | G10: Generic
A11: 46072 | B11: Cetirizine | C11: Antihistamine | D11: 68 | E11: 0.6 | F11: =D11*E11 -> 40.8 | G11: Generic
A12: 46079 | B12: Azithromycin | C12: Antibiotic | D12: 50 | E12: 2.5 | F12: =D12*E12 -> 125 | G12: Branded
A13: 46084 | B13: Paracetamol | C13: Analgesic | D13: 150 | E13: 0.5 | F13: =D13*E13 -> 75 | G13: Generic
A14: 46088 | B14: Amoxicillin | C14: Antibiotic | D14: 96 | E14: 1.2 | F14: =D14*E14 -> 115.2 | G14: Generic
... A32: 46199 | B32: Azithromycin | C32: Antibiotic | D32: 72 | E32: 2.5 | F32: =D32*E32 -> 180 | G32: Branded

Sheet Analysis
A1: PHARMACY SALES & DRUG ANALYSIS
A2: Synthetic educational dataset | Jan–Jun 2026 | Currency: INR
A4: Metric | B4: Result
A5: Total sales (INR) | B5: =SUM('Raw Sales Data'!F2:F32) -> 2781.5
A6: Total units sold | B6: =SUM('Raw Sales Data'!D2:D32) -> 2906
A7: Number of transactions | B7: =COUNTA('Raw Sales Data'!A2:A32) -> 30
A8: Average sales per transaction | B8: =AVERAGE('Raw Sales Data'!F2:F32) -> 89.725806
A9: Generic sales (INR) | B9: =SUMIF('Raw Sales Data'!G2:G32,"Generic",'Raw Sales Data'!F2:F32) -> 1911.5
A10: Branded sales (INR) | B10: =SUMIF('Raw Sales Data'!G2:G32,"Branded",'Raw Sales Data'!F2:F32) -> 870
A13: Drug Name | B13: Category | C13: Units Sold | D13: Total Sales (INR) | E13: Avg Price/Unit (INR)
A14: Paracetamol | B14: Analgesic | C14: =SUMIF('Raw Sales Data'!B$2:B$32,A14,'Raw Sales Data'!D$2:D$32) -> 945 | D14: =SUMIF('Raw Sales Data'!B$2:B$32,A14,'Raw Sales Data'!F$2:F$32) -> 472.5 | E14: =AVERAGEIF('Raw Sales Data'!B$2:B$32,A14,'Raw Sales Data'!E$2:E$32) -> 0.5
A15: Amoxicillin | B15: Antibiotic | C15: =SUMIF('Raw Sales Data'!B$2:B$32,A15,'Raw Sales Data'!D$2:D$32) -> 603 | D15: =SUMIF('Raw Sales Data'!B$2:B$32,A15,'Raw Sales Data'!F$2:F$32) -> 723.6 | E15: =AVERAGEIF('Raw Sales Data'!B$2:B$32,A15,'Raw Sales Data'!E$2:E$32) -> 1.2
A16: Ibuprofen | B16: Analgesic | C16: =SUMIF('Raw Sales Data'!B$2:B$32,A16,'Raw Sales Data'!D$2:D$32) -> 547 | D16: =SUMIF('Raw Sales Data'!B$2:B$32,A16,'Raw Sales Data'!F$2:F$32) -> 437.6 | E16: =AVERAGEIF('Raw Sales Data'!B$2:B$32,A16,'Raw Sales Data'!E$2:E$32) -> 0.8
A17: Cetirizine | B17: Antihistamine | C17: =SUMIF('Raw Sales Data'!B$2:B$32,A17,'Raw Sales Data'!D$2:D$32) -> 463 | D17: =SUMIF('Raw Sales Data'!B$2:B$32,A17,'Raw Sales Data'!F$2:F$32) -> 277.8 | E17: =AVERAGEIF('Raw Sales Data'!B$2:B$32,A17,'Raw Sales Data'!E$2:E$32) -> 0.6
A18: Azithromycin | B18: Antibiotic | C18: =SUMIF('Raw Sales Data'!B$2:B$32,A18,'Raw Sales Data'!D$2:D$32) -> 348 | D18: =SUMIF('Raw Sales Data'!B$2:B$32,A18,'Raw Sales Data'!F$2:F$32) -> 870 | E18: =AVERAGEIF('Raw Sales Data'!B$2:B$32,A18,'Raw Sales Data'!E$2:E$32) -> 2.5
A22: Month | B22: Units Sold | C22: Sales (INR)
A23: Jan | B23: =SUMPRODUCT((MONTH('Raw Sales Data'!$A$2:$A$32)=1)*('Raw Sales Data'!$D$2:$D$32)) -> 380 | C23: =SUMPRODUCT((MONTH('Raw Sales Data'!$A$2:$A$32)=1)*('Raw Sales Data'!$F$2:$F$32)) -> 364.5
A24: Feb | B24: =SUMPRODUCT((MONTH('Raw Sales Data'!$A$2:$A$32)=2)*('Raw Sales Data'!$D$2:$D$32)) -> 425 | C24: =SUMPRODUCT((MONTH('Raw Sales Data'!$A$2:$A$32)=2)*('Raw Sales Data'!$F$2:$F$32)) -> 406.9
A25: Mar | B25: =SUMPRODUCT((MONTH('Raw Sales Data'!$A$2:$A$32)=3)*('Raw Sales Data'!$D$2:$D$32)) -> 462 | C25: =SUMPRODUCT((MONTH('Raw Sales Data'!$A$2:$A$32)=3)*('Raw Sales Data'!$F$2:$F$32)) -> 443.8
A26: Apr | B26: =SUMPRODUCT((MONTH('Raw Sales Data'!$A$2:$A$32)=4)*('Raw Sales Data'!$D$2:$D$32)) -> 504 | C26: =SUMPRODUCT((MONTH('Raw Sales Data'!$A$2:$A$32)=4)*('Raw Sales Data'!$F$2:$F$32)) -> 481.7
A27: May | B27: =SUMPRODUCT((MONTH('Raw Sales Data'!$A$2:$A$32)=5)*('Raw Sales Data'!$D$2:$D$32)) -> 545 | C27: =SUMPRODUCT((MONTH('Raw Sales Data'!$A$2:$A$32)=5)*('Raw Sales Data'!$F$2:$F$32)) -> 519.7
A28: Jun | B28: =SUMPRODUCT((MONTH('Raw Sales Data'!$A$2:$A$32)=6)*('Raw Sales Data'!$D$2:$D$32)) -> 590 | C28: =SUMPRODUCT((MONTH('Raw Sales Data'!$A$2:$A$32)=6)*('Raw Sales Data'!$F$2:$F$32)) -> 564.9
A32: Brand Type | B32: Transactions | C32: Units Sold | D32: Sales (INR)
A33: Generic | B33: =COUNTIF('Raw Sales Data'!G$2:G$32,A33) -> 24 | C33: =SUMIF('Raw Sales Data'!G$2:G$32,A33,'Raw Sales Data'!D$2:D$32) -> 2558 | D33: =SUMIF('Raw Sales Data'!G$2:G$32,A33,'Raw Sales Data'!F$2:F$32) -> 1911.5
A34: Branded | B34: =COUNTIF('Raw Sales Data'!G$2:G$32,A34) -> 6 | C34: =SUMIF('Raw Sales Data'!G$2:G$32,A34,'Raw Sales Data'!D$2:D$32) -> 348 | D34: =SUMIF('Raw Sales Data'!G$2:G$32,A34,'Raw Sales Data'!F$2:F$32) -> 870
A36: QUICK INTERPRETATION
A37: Highest unit sales | B37: =INDEX(A14:A18,MATCH(MAX(C14:C18),C14:C18,0)) -> Paracetamol
A38: Highest drug revenue | B38: =INDEX(A14:A18,MATCH(MAX(D14:D18),D14:D18,0)) -> Azithromycin
A39: Highest-sales month | B39: =INDEX(A23:A28,MATCH(MAX(C23:C28),C23:C28,0)) -> Jun
A40: Generic share of sales | B40: =IFERROR(D33/SUM(D33:D34),0) -> 0.68721913
A41: Branded share of sales | B41: =IFERROR(D34/SUM(D33:D34),0) -> 0.31278087
A42: Data note | B42: Synthetic practice data only; validate against real records before business decisions.

Sheet Key Insights
A1: KEY FINDINGS & RECOMMENDATIONS
A3: Finding | B3: Interpretation / Action
A4: Top-selling medicine by units | B4: Paracetamol has the highest unit volume in this sample; maintain appropriate stock based on demand.
A5: Revenue pattern | B5: Compare monthly sales to identify growth and plan replenishment; verify trends against actual business records.
A6: Brand comparison | B6: Generic products account for most sample transactions; compare revenue and volume separately before making purchasing decisions.
A7: Antibiotic stewardship | B7: Amoxicillin and azithromycin are antibiotics. Sales data alone must not be used to infer appropriateness; follow prescription and antimicrobial-stewardship policies.
A8: Data quality | B8: Check for missing dates, duplicate transactions, invalid quantities, inconsistent drug names, and price outliers before reporting.
A9: Scope limitation | B9: All records are synthetic and created for practice; they are not real patient, prescription, or pharmacy records.

Sheet README
A1: TASK 3 | PHARMACY SALES & DRUG ANALYSIS
A3: Project objective | B3: Analyze medicine usage trends and revenue patterns from pharmacy sales data.
A4: Tasks completed | B4: Clean/structure the raw data; calculate sales; summarize medicine usage; compare monthly growth and generic vs branded sales; add charts and key insights.
A5: Dataset period | B5: January–June 2026 (30 synthetic transaction rows).
A6: Formula used | B6: Sales (INR) = Quantity × Price per Unit.
A7: Tools | B7: Microsoft Excel: formulas, SUMIF, COUNTIF, AVERAGEIF, SUMPRODUCT, filters, formatted table, charts.
A8: How to use | B8: Open Raw Sales Data to inspect/filter transactions; Analysis for KPIs and charts; Key Insights for interpretation.
A9: Important | B9: Synthetic practice dataset only. Values are fictional and not medical advice or real commercial records.
A10: GitHub submission | B10: Upload this .xlsx file to your repository. Copy the repository file URL or repository URL and paste it into the Task 3 submission box.
